Engineered,Normal,Ligand,Catalyst,Substrate,Solvent,Reaction,VSA,Structural,Electronic,Experimental
EE/Ligand_quant_mmol Qt,BalabanJ_Cat,Ligand_Barlan_L1,Cat_Structure_VCl2(salen),BertzCT_Sub,BertzCT_Sol,Oxidant_Group,EState_VSA1_Lig,BalabanJ_Lig,MaxAbsEStateIndex_Lig,Catalyst_quant_mmol
EE/Oxidant_quant_mmol Qt,BalabanJ_Sub,Ligand_Barlan_L4,Cat_Structure_VO(salen),Chi0v_Sub,Chi0v_Sol,Oxidant_quant_mmol,EState_VSA10_Cat,BertzCT_Cat,MaxAbsPartialCharge_Cat,Oxidant_quant_mmol
EE/Substrate_quant_mmol Qt,BertzCT_Lig,Ligand_Barlan_L6,Catalyst_quant_mmol,Chi1n_Sub,Chi1n_Sol,Oxidant_TrOOH,EState_VSA10_Sol,BertzCT_Sol,MaxAbsPartialCharge_Sol,Substrate_quant_mmol
EE/Temp_K Qt,BertzCT_Sol,Ligand_Bolm_L1,BalabanJ_Cat,Chi1v_Sub,Chi1v_Sol,EE,EState_VSA10_Sub,BertzCT_Sub,MaxAbsPartialCharge_Sub,Temp_K
EE/Time_h Qt,BertzCT_Sub,Ligand_Bolm_L2,BertzCT_Cat,Chi2n_Sub,Chi2n_Sol,Group,EState_VSA11_Cat,Chi0_Cat,MaxEStateIndex_Cat,Time_h
EVSA 1-Lig,Cat_Group,Ligand_Bolm_L3,Chi0_Cat,Chi2v_Sub,Chi2v_Sol,Solution_vol_mL,EState_VSA11_Lig,Chi0_Lig,MaxEStateIndex_Lig,
EVSA 10-Lig,Cat_Structure_VCl2(salen),Ligand_Bolm_L4,Chi0n_Cat,Chi3n_Sub,Chi3n_Sol,Temp_K,EState_VSA11_Sol,Chi0_Sol,MaxEStateIndex_Sol,
EVSA 2-Lig,Cat_Structure_VO(acac)2,Ligand_Bolm_L5,Chi0v_Cat,Chi3v_Sub,Chi3v_Sol,Time_h,EState_VSA11_Sub,Chi0_Sub,MaxEStateIndex_Sub,
EVSA 3-Lig,Cat_Structure_VO(OiPr)3,Ligand_Bourhani_L1,Chi1_Cat,Chi4n_Sub,Chi4n_Sol,Additive_quant_mL,EState_VSA2_Cat,Chi0n_Cat,MaxPartialCharge_Cat,
EVSA 4-Lig,Cat_Structure_VO(salen),Ligand_Bourhani_L2,Chi1n_Cat,Chi4v_Sub,Chi4v_Sol,,EState_VSA2_Lig,Chi0n_Lig,MaxPartialCharge_Lig,
EVSA 5-Lig,Cat_Structure_VOSO4,Ligand_Bourhani_L3,Chi1v_Cat,EState_VSA1_Sub,EState_VSA1_Sol,,EState_VSA2_Sol,Chi0n_Sol,MaxPartialCharge_Sol,
EVSA 6-Lig,Catalyst_quant_mmol,Ligand_Bryliakov_L1,Chi2n_Cat,EState_VSA10_Sub,EState_VSA10_Sol,,EState_VSA2_Sub,Chi0n_Sub,MaxPartialCharge_Sub,
EVSA 7-Lig,Chi0_Cat,Ligand_Ghaffari_L1,Chi2v_Cat,EState_VSA11_Sub,EState_VSA11_Sol,,EState_VSA3_Cat,Chi0v_Cat,MinAbsEStateIndex_Cat,
EVSA 8-Lig,Chi0_Lig,Ligand_Ghaffari_L2,Chi3n_Cat,EState_VSA2_Sub,EState_VSA2_Sol,,EState_VSA3_Lig,Chi0v_Lig,MinAbsEStateIndex_Lig,
EVSA 9-Lig,Chi0_Sol,Ligand_Ghaffari_L3,Chi3v_Cat,EState_VSA3_Sub,EState_VSA3_Sol,,EState_VSA3_Sol,Chi0v_Sol,MinAbsEStateIndex_Sol,
Lig/Cat Qt,Chi1n_Lig,Ligand_Makita_L14,HeavyAtomCount_Cat,MaxEStateIndex_Sub,MaxEStateIndex_Sol,,EState_VSA7_Lig,Chi2n_Lig,MolMR_Lig,
Lig/Oxi Qt,Chi0_Sub,Ligand_Ghaffari_L4,Chi4n_Cat,EState_VSA4_Sub,EState_VSA4_Sol,,EState_VSA3_Sub,Chi0v_Sub,MinAbsEStateIndex_Sub,
Lig/Sub Qt,Chi0n_Cat,Ligand_Ghaffari_L5,Chi4v_Cat,EState_VSA5_Sub,EState_VSA5_Sol,,EState_VSA4_Cat,Chi1_Cat,MinAbsPartialCharge_Cat,
Ligand_quant_mmol/EE Qt,Additive_quant_mL,Ligand_quant_mmol,Cat_Group,BalabanJ_Sub,BalabanJ_Sol,Oxidant_CHP,EState_VSA1_Cat,BalabanJ_Cat,MaxAbsEStateIndex_Cat,Additive_quant_mL
log EE,Chi0n_Lig,Ligand_Ghaffari_L6,EState_VSA1_Cat,EState_VSA6_Sub,EState_VSA6_Sol,,EState_VSA4_Lig,Chi1_Lig,MinAbsPartialCharge_Lig,
log Ligand_quant_mmol,BalabanJ_Lig,Ligand_Barlan_L2,Cat_Structure_VO(acac)2,Chi0_Sub,Chi0_Sol,Oxidant_H2O2,EState_VSA1_Sol,BalabanJ_Sol,MaxAbsEStateIndex_Sol,EE
log Oxidant_quant_mmol,BertzCT_Cat,Ligand_Barlan_L5,Cat_Structure_VOSO4,Chi1_Sub,Chi1_Sol,Oxidant_TBHP,EState_VSA10_Lig,BertzCT_Lig,MaxAbsPartialCharge_Lig,Solution_vol_mL
log Substrate_quant_mmol,Chi0n_Sol,Ligand_Ghaffari_L7,EState_VSA10_Cat,EState_VSA7_Sub,EState_VSA7_Sol,,EState_VSA4_Sol,Chi1_Sol,MinAbsPartialCharge_Sol,
log Temp_K,Chi0n_Sub,Ligand_Han_L1,EState_VSA11_Cat,EState_VSA8_Sub,EState_VSA8_Sol,,EState_VSA4_Sub,Chi1_Sub,MinAbsPartialCharge_Sub,
log Time_h,Chi0v_Cat,Ligand_Han_L2,EState_VSA2_Cat,EState_VSA9_Sub,EState_VSA9_Sol,,EState_VSA5_Cat,Chi1n_Cat,MinEStateIndex_Cat,
Oxi/Cat Qt,Chi1n_Sol,Ligand_Makita_L15,HeavyAtomMolWt_Cat,MaxPartialCharge_Sub,MaxPartialCharge_Sol,,EState_VSA7_Sol,Chi2n_Sol,MolMR_Sol,
Oxi/Lig Qt,Chi0v_Lig,Ligand_Han_L3,EState_VSA3_Cat,HallKierAlpha_Sub,HallKierAlpha_Sol,,EState_VSA5_Lig,Chi1n_Lig,MinEStateIndex_Lig,
Oxi/Sub Qt,Chi0v_Sol,Ligand_Han_L4,EState_VSA4_Cat,HeavyAtomCount_Sub,HeavyAtomCount_Sol,,EState_VSA5_Sol,Chi1n_Sol,MinEStateIndex_Sol,
Oxidant_quant_mmol/EE Qt,BalabanJ_Sol,Ligand_Barlan_L3,Cat_Structure_VO(OiPr)3,Chi0n_Sub,Chi0n_Sol,Oxidant_MCYHP,EState_VSA1_Sub,BalabanJ_Sub,MaxAbsEStateIndex_Sub,Ligand_quant_mmol
Sub/Cat Qt,Chi1n_Sub,Ligand_Makita_L16,Kappa1_Cat,MinAbsEStateIndex_Sub,MinAbsEStateIndex_Sol,,EState_VSA7_Sub,Chi2n_Sub,MolMR_Sub,
Sub/Lig Qt,Chi0v_Sub,Ligand_Han_L5,EState_VSA5_Cat,HeavyAtomMolWt_Sub,HeavyAtomMolWt_Sol,,EState_VSA5_Sub,Chi1n_Sub,MinEStateIndex_Sub,
Sub/Oxi Qt,Chi1_Cat,Ligand_Makita_L1,EState_VSA6_Cat,Kappa1_Sub,Kappa1_Sol,,EState_VSA6_Cat,Chi1v_Cat,MinPartialCharge_Cat,
Substrate_quant_mmol/EE Qt,Chi1_Lig,Ligand_Makita_L10,EState_VSA7_Cat,Kappa2_Sub,Kappa2_Sol,,EState_VSA6_Lig,Chi1v_Lig,MinPartialCharge_Lig,
Temp_K/EE Qt,Chi1_Sol,Ligand_Makita_L11,EState_VSA8_Cat,Kappa3_Sub,Kappa3_Sol,,EState_VSA6_Sol,Chi1v_Sol,MinPartialCharge_Sol,
Time_h/EE Qt,Chi1_Sub,Ligand_Makita_L12,EState_VSA9_Cat,MaxAbsEStateIndex_Sub,MaxAbsEStateIndex_Sol,,EState_VSA6_Sub,Chi1v_Sub,MinPartialCharge_Sub,
Time_h/Temp_K Qt,Chi1n_Cat,Ligand_Makita_L13,HallKierAlpha_Cat,MaxAbsPartialCharge_Sub,MaxAbsPartialCharge_Sol,,EState_VSA7_Cat,Chi2n_Cat,MolMR_Cat,
log Catalyst_quant_mmol,Chi1v_Cat,Ligand_Makita_L17,Kappa2_Cat,MinAbsPartialCharge_Sub,MinAbsPartialCharge_Sol,,EState_VSA8_Cat,Chi2v_Cat,Solv_aromcity,
,Chi1v_Lig,Ligand_Makita_L2,Kappa3_Cat,MinEStateIndex_Sub,MinEStateIndex_Sol,,EState_VSA8_Lig,Chi2v_Lig,Solv_diele_cst,
,Chi1v_Sol,Ligand_Makita_L3,MaxAbsEStateIndex_Cat,MinPartialCharge_Sub,MinPartialCharge_Sol,,EState_VSA8_Sol,Chi2v_Sol,Solv_elect_halo,
,Chi1v_Sub,Ligand_Makita_L4,MaxAbsPartialCharge_Cat,MolLogP_Sub,MolLogP_Sol,,EState_VSA8_Sub,Chi2v_Sub,Solv_Hbond_ac,
,Chi2n_Cat,Ligand_Makita_L5,MaxEStateIndex_Cat,MolMR_Sub,MolMR_Sol,,EState_VSA9_Cat,Chi3n_Cat,Solv_Hbond_bs,
,Chi2n_Lig,Ligand_Makita_L6,MaxPartialCharge_Cat,MolWt_Sub,MolWt_Sol,,EState_VSA9_Lig,Chi3n_Lig,Solv_opt_freq20,
,Chi2n_Sol,Ligand_Makita_L7,MinAbsEStateIndex_Cat,NHOHCount_Sub,NHOHCount_Sol,,EState_VSA9_Sol,Chi3n_Sol,Solv_opt_freq25,
,Chi2n_Sub,Ligand_Makita_L8,MinAbsPartialCharge_Cat,NOCount_Sub,NOCount_Sol,,EState_VSA9_Sub,Chi3n_Sub,Solv_surf_tens,
,Chi2v_Cat,Ligand_Makita_L9,MinEStateIndex_Cat,NumAliphaticCarbocycles_Sub,NumAliphaticCarbocycles_Sol,,PEOE_VSA1_Cat,Chi3v_Cat,,
,Chi2v_Lig,Ligand_Malkov_L1,MinPartialCharge_Cat,NumAliphaticHeterocycles_Sub,NumAliphaticHeterocycles_Sol,,PEOE_VSA1_Lig,Chi3v_Lig,,
,Chi2v_Sol,Ligand_Malkov_L2,MolLogP_Cat,NumAliphaticRings_Sub,NumAliphaticRings_Sol,,PEOE_VSA1_Sol,Chi3v_Sol,,
,Chi2v_Sub,Ligand_Malkov_L3,MolMR_Cat,NumAromaticCarbocycles_Sub,NumAromaticCarbocycles_Sol,,PEOE_VSA1_Sub,Chi3v_Sub,,
,Chi3n_Cat,Ligand_Michaelson_L1,MolWt_Cat,NumAromaticHeterocycles_Sub,NumAromaticHeterocycles_Sol,,PEOE_VSA10_Cat,Chi4n_Cat,,
,Chi3n_Lig,Ligand_Michaelson_L2,NHOHCount_Cat,NumAromaticRings_Sub,NumAromaticRings_Sol,,PEOE_VSA10_Lig,Chi4n_Lig,,
,Chi3n_Sol,Ligand_Michaelson_L3,NOCount_Cat,NumHAcceptors_Sub,NumHAcceptors_Sol,,PEOE_VSA10_Sol,Chi4n_Sol,,
,Chi3n_Sub,Ligand_Monfared_L1,NumAliphaticCarbocycles_Cat,NumHDonors_Sub,NumHDonors_Sol,,PEOE_VSA10_Sub,Chi4n_Sub,,
,Chi3v_Cat,Ligand_Murase_L1,NumAliphaticHeterocycles_Cat,NumHeteroatoms_Sub,NumHeteroatoms_Sol,,PEOE_VSA11_Cat,Chi4v_Cat,,
,Chi3v_Lig,Ligand_Murase_L2,NumAliphaticRings_Cat,NumRadicalElectrons_Sub,NumRadicalElectrons_Sol,,PEOE_VSA11_Lig,Chi4v_Lig,,
,Chi3v_Sol,Ligand_Murase_L3,NumAromaticCarbocycles_Cat,NumRotatableBonds_Sub,NumRotatableBonds_Sol,,PEOE_VSA11_Sol,Chi4v_Sol,,
,Chi3v_Sub,Ligand_Pereira_L10,NumAromaticHeterocycles_Cat,NumSaturatedCarbocycles_Sub,NumSaturatedCarbocycles_Sol,,PEOE_VSA11_Sub,Chi4v_Sub,,
,Chi4n_Cat,Ligand_Pereira_L11,NumAromaticRings_Cat,NumSaturatedHeterocycles_Sub,NumSaturatedHeterocycles_Sol,,PEOE_VSA12_Cat,HallKierAlpha_Cat,,
,Chi4n_Lig,Ligand_Pereira_L12,NumHAcceptors_Cat,NumSaturatedRings_Sub,NumSaturatedRings_Sol,,PEOE_VSA12_Lig,HallKierAlpha_Lig,,
,Chi4n_Sol,Ligand_Pereira_L13,NumHDonors_Cat,NumValenceElectrons_Sub,NumValenceElectrons_Sol,,PEOE_VSA12_Sol,HallKierAlpha_Sol,,
,Chi4n_Sub,Ligand_Pereira_L14,NumHeteroatoms_Cat,PEOE_VSA1_Sub,PEOE_VSA1_Sol,,PEOE_VSA12_Sub,HallKierAlpha_Sub,,
,Chi4v_Cat,Ligand_Pereira_L15,NumRadicalElectrons_Cat,PEOE_VSA10_Sub,PEOE_VSA10_Sol,,PEOE_VSA13_Cat,HeavyAtomCount_Cat,,
,Chi4v_Lig,Ligand_Pereira_L2,NumRotatableBonds_Cat,PEOE_VSA11_Sub,PEOE_VSA11_Sol,,PEOE_VSA13_Lig,HeavyAtomCount_Lig,,
,Chi4v_Sol,Ligand_Pereira_L3,NumSaturatedCarbocycles_Cat,PEOE_VSA12_Sub,PEOE_VSA12_Sol,,PEOE_VSA13_Sol,HeavyAtomCount_Sol,,
,Chi4v_Sub,Ligand_Pereira_L4,NumSaturatedHeterocycles_Cat,PEOE_VSA13_Sub,PEOE_VSA13_Sol,,PEOE_VSA13_Sub,HeavyAtomCount_Sub,,
,EE,Ligand_Pereira_L5,NumSaturatedRings_Cat,PEOE_VSA14_Sub,PEOE_VSA14_Sol,,PEOE_VSA14_Cat,HeavyAtomMolWt_Cat,,
,EState_VSA1_Cat,Ligand_Pereira_L6,NumValenceElectrons_Cat,PEOE_VSA2_Sub,PEOE_VSA2_Sol,,PEOE_VSA14_Lig,HeavyAtomMolWt_Lig,,
,EState_VSA1_Lig,Ligand_Pereira_L7,PEOE_VSA1_Cat,PEOE_VSA3_Sub,PEOE_VSA3_Sol,,PEOE_VSA14_Sol,HeavyAtomMolWt_Sol,,
,EState_VSA1_Sol,Ligand_Pereira_L8,PEOE_VSA10_Cat,PEOE_VSA4_Sub,PEOE_VSA4_Sol,,PEOE_VSA14_Sub,HeavyAtomMolWt_Sub,,
,EState_VSA1_Sub,Ligand_Pereira_L9,PEOE_VSA11_Cat,PEOE_VSA5_Sub,PEOE_VSA5_Sol,,PEOE_VSA2_Cat,Kappa1_Cat,,
,EState_VSA10_Cat,Ligand_Zhang_B_L1,PEOE_VSA12_Cat,PEOE_VSA6_Sub,PEOE_VSA6_Sol,,PEOE_VSA2_Lig,Kappa1_Lig,,
,EState_VSA10_Lig,Ligand_Zhang_B_L2,PEOE_VSA13_Cat,PEOE_VSA7_Sub,PEOE_VSA7_Sol,,PEOE_VSA2_Sol,Kappa1_Sol,,
,EState_VSA10_Sol,Ligand_Zhang_B_L3,PEOE_VSA14_Cat,PEOE_VSA8_Sub,PEOE_VSA8_Sol,,PEOE_VSA2_Sub,Kappa1_Sub,,
,EState_VSA10_Sub,Ligand_Zhang_L1,PEOE_VSA2_Cat,PEOE_VSA9_Sub,PEOE_VSA9_Sol,,PEOE_VSA3_Cat,Kappa2_Cat,,
,EState_VSA11_Cat,Ligand_Zhang_L2,PEOE_VSA3_Cat,SlogP_VSA1_Sub,SlogP_VSA1_Sol,,PEOE_VSA3_Lig,Kappa2_Lig,,
,EState_VSA11_Lig,Ligand_Zhang_L3,PEOE_VSA4_Cat,SlogP_VSA10_Sub,SlogP_VSA10_Sol,,PEOE_VSA3_Sol,Kappa2_Sol,,
,EState_VSA11_Sol,BalabanJ_Lig,PEOE_VSA5_Cat,SlogP_VSA11_Sub,SlogP_VSA11_Sol,,PEOE_VSA3_Sub,Kappa2_Sub,,
,EState_VSA11_Sub,BertzCT_Lig,PEOE_VSA6_Cat,SlogP_VSA12_Sub,SlogP_VSA12_Sol,,PEOE_VSA4_Cat,Kappa3_Cat,,
,EState_VSA2_Cat,Chi0_Lig,PEOE_VSA7_Cat,SlogP_VSA2_Sub,SlogP_VSA2_Sol,,PEOE_VSA4_Lig,Kappa3_Lig,,
,EState_VSA2_Lig,Chi0n_Lig,PEOE_VSA8_Cat,SlogP_VSA3_Sub,SlogP_VSA3_Sol,,PEOE_VSA4_Sol,Kappa3_Sol,,
,EState_VSA2_Sol,Chi0v_Lig,PEOE_VSA9_Cat,SlogP_VSA4_Sub,SlogP_VSA4_Sol,,PEOE_VSA4_Sub,Kappa3_Sub,,
,EState_VSA2_Sub,Chi1_Lig,SlogP_VSA1_Cat,SlogP_VSA5_Sub,SlogP_VSA5_Sol,,PEOE_VSA5_Cat,MolLogP_Cat,,
,EState_VSA3_Cat,Chi1n_Lig,SlogP_VSA10_Cat,SlogP_VSA6_Sub,SlogP_VSA6_Sol,,PEOE_VSA5_Lig,MolLogP_Lig,,
,EState_VSA3_Lig,Chi1v_Lig,SlogP_VSA11_Cat,SlogP_VSA7_Sub,SlogP_VSA7_Sol,,PEOE_VSA5_Sol,MolLogP_Sol,,
,EState_VSA3_Sol,Chi2n_Lig,SlogP_VSA12_Cat,SlogP_VSA8_Sub,SlogP_VSA8_Sol,,PEOE_VSA5_Sub,MolLogP_Sub,,
,EState_VSA3_Sub,Chi2v_Lig,SlogP_VSA2_Cat,SlogP_VSA9_Sub,SlogP_VSA9_Sol,,PEOE_VSA6_Cat,MolWt_Cat,,
,EState_VSA4_Cat,Chi3n_Lig,SlogP_VSA3_Cat,SMR_VSA1_Sub,SMR_VSA1_Sol,,PEOE_VSA6_Lig,MolWt_Lig,,
,EState_VSA4_Lig,Chi3v_Lig,SlogP_VSA4_Cat,SMR_VSA10_Sub,SMR_VSA10_Sol,,PEOE_VSA6_Sol,MolWt_Sol,,
,EState_VSA4_Sol,Chi4n_Lig,SlogP_VSA5_Cat,SMR_VSA2_Sub,SMR_VSA2_Sol,,PEOE_VSA6_Sub,MolWt_Sub,,
,EState_VSA4_Sub,Chi4v_Lig,SlogP_VSA6_Cat,SMR_VSA3_Sub,SMR_VSA3_Sol,,PEOE_VSA7_Cat,NHOHCount_Cat,,
,EState_VSA5_Cat,EState_VSA1_Lig,SlogP_VSA7_Cat,SMR_VSA4_Sub,SMR_VSA4_Sol,,PEOE_VSA7_Lig,NHOHCount_Lig,,
,EState_VSA5_Lig,EState_VSA10_Lig,SlogP_VSA8_Cat,SMR_VSA5_Sub,SMR_VSA5_Sol,,PEOE_VSA7_Sol,NHOHCount_Sol,,
,EState_VSA5_Sol,EState_VSA11_Lig,SlogP_VSA9_Cat,SMR_VSA6_Sub,SMR_VSA6_Sol,,PEOE_VSA7_Sub,NHOHCount_Sub,,
,EState_VSA5_Sub,EState_VSA2_Lig,SMR_VSA1_Cat,SMR_VSA7_Sub,SMR_VSA7_Sol,,PEOE_VSA8_Cat,NOCount_Cat,,
,EState_VSA6_Cat,EState_VSA3_Lig,SMR_VSA10_Cat,SMR_VSA8_Sub,SMR_VSA8_Sol,,PEOE_VSA8_Lig,NOCount_Lig,,
,EState_VSA6_Lig,EState_VSA4_Lig,SMR_VSA2_Cat,SMR_VSA9_Sub,SMR_VSA9_Sol,,PEOE_VSA8_Sol,NOCount_Sol,,
,EState_VSA6_Sol,EState_VSA5_Lig,SMR_VSA3_Cat,TPSA_Sub,Solv_aromcity,,PEOE_VSA8_Sub,NOCount_Sub,,
,EState_VSA6_Sub,EState_VSA6_Lig,SMR_VSA4_Cat,VSA_EState1_Sub,Solv_diele_cst,,PEOE_VSA9_Cat,NumAliphaticCarbocycles_Cat,,
,EState_VSA7_Cat,EState_VSA7_Lig,SMR_VSA5_Cat,VSA_EState10_Sub,Solv_elect_halo,,PEOE_VSA9_Lig,NumAliphaticCarbocycles_Lig,,
,EState_VSA7_Lig,EState_VSA8_Lig,SMR_VSA6_Cat,VSA_EState2_Sub,Solv_Hbond_ac,,PEOE_VSA9_Sol,NumAliphaticCarbocycles_Sol,,
,EState_VSA7_Sol,EState_VSA9_Lig,SMR_VSA7_Cat,VSA_EState3_Sub,Solv_Hbond_bs,,PEOE_VSA9_Sub,NumAliphaticCarbocycles_Sub,,
,EState_VSA7_Sub,HallKierAlpha_Lig,SMR_VSA8_Cat,VSA_EState4_Sub,Solv_opt_freq20,,SlogP_VSA1_Cat,NumAliphaticHeterocycles_Cat,,
,EState_VSA8_Cat,HeavyAtomCount_Lig,SMR_VSA9_Cat,VSA_EState5_Sub,Solv_opt_freq25,,SlogP_VSA1_Lig,NumAliphaticHeterocycles_Lig,,
,EState_VSA8_Lig,HeavyAtomMolWt_Lig,TPSA_Cat,VSA_EState6_Sub,Solv_surf_tens,,SlogP_VSA1_Sol,NumAliphaticHeterocycles_Sol,,
,EState_VSA8_Sol,Kappa1_Lig,VSA_EState1_Cat,VSA_EState7_Sub,Solvent_acetone,,SlogP_VSA1_Sub,NumAliphaticHeterocycles_Sub,,
,EState_VSA8_Sub,Kappa2_Lig,VSA_EState10_Cat,VSA_EState8_Sub,Solvent_ACN,,SlogP_VSA10_Cat,NumAliphaticRings_Cat,,
,EState_VSA9_Cat,Kappa3_Lig,VSA_EState2_Cat,VSA_EState9_Sub,Solvent_chloroform,,SlogP_VSA10_Lig,NumAliphaticRings_Lig,,
,EState_VSA9_Lig,MaxAbsEStateIndex_Lig,VSA_EState3_Cat,Substrate_quant_mmol,Solvent_dichloromethane,,SlogP_VSA10_Sol,NumAliphaticRings_Sol,,
,EState_VSA9_Sol,MaxAbsPartialCharge_Lig,VSA_EState4_Cat,,Solvent_ethyl_acetate,,SlogP_VSA10_Sub,NumAliphaticRings_Sub,,
,EState_VSA9_Sub,MaxEStateIndex_Lig,VSA_EState5_Cat,,Solvent_Group,,SlogP_VSA11_Cat,NumAromaticCarbocycles_Cat,,
,Group,MaxPartialCharge_Lig,VSA_EState6_Cat,,Solvent_THF,,SlogP_VSA11_Lig,NumAromaticCarbocycles_Lig,,
,HallKierAlpha_Cat,MinAbsEStateIndex_Lig,VSA_EState7_Cat,,Solvent_toluene,,SlogP_VSA11_Sol,NumAromaticCarbocycles_Sol,,
,HallKierAlpha_Lig,MinAbsPartialCharge_Lig,VSA_EState8_Cat,,Solvent_water,,SlogP_VSA11_Sub,NumAromaticCarbocycles_Sub,,
,HallKierAlpha_Sol,MinEStateIndex_Lig,VSA_EState9_Cat,,TPSA_Sol,,SlogP_VSA12_Cat,NumAromaticHeterocycles_Cat,,
,HallKierAlpha_Sub,MinPartialCharge_Lig,,,VSA_EState1_Sol,,SlogP_VSA12_Lig,NumAromaticHeterocycles_Lig,,
,HeavyAtomCount_Cat,MolLogP_Lig,,,VSA_EState10_Sol,,SlogP_VSA12_Sol,NumAromaticHeterocycles_Sol,,
,HeavyAtomCount_Lig,MolMR_Lig,,,VSA_EState2_Sol,,SlogP_VSA12_Sub,NumAromaticHeterocycles_Sub,,
,HeavyAtomCount_Sol,MolWt_Lig,,,VSA_EState3_Sol,,SlogP_VSA2_Cat,NumAromaticRings_Cat,,
,HeavyAtomCount_Sub,NHOHCount_Lig,,,VSA_EState4_Sol,,SlogP_VSA2_Lig,NumAromaticRings_Lig,,
,HeavyAtomMolWt_Cat,NOCount_Lig,,,VSA_EState5_Sol,,SlogP_VSA2_Sol,NumAromaticRings_Sol,,
,HeavyAtomMolWt_Lig,NumAliphaticCarbocycles_Lig,,,VSA_EState6_Sol,,SlogP_VSA2_Sub,NumAromaticRings_Sub,,
,HeavyAtomMolWt_Sol,NumAliphaticHeterocycles_Lig,,,VSA_EState7_Sol,,SlogP_VSA3_Cat,NumHAcceptors_Cat,,
,HeavyAtomMolWt_Sub,NumAliphaticRings_Lig,,,VSA_EState8_Sol,,SlogP_VSA3_Lig,NumHAcceptors_Lig,,
,Kappa1_Cat,NumAromaticCarbocycles_Lig,,,VSA_EState9_Sol,,SlogP_VSA3_Sol,NumHAcceptors_Sol,,
,Kappa1_Lig,NumAromaticHeterocycles_Lig,,,,,SlogP_VSA3_Sub,NumHAcceptors_Sub,,
,Kappa1_Sol,NumAromaticRings_Lig,,,,,SlogP_VSA4_Cat,NumHDonors_Cat,,
,Kappa1_Sub,NumHAcceptors_Lig,,,,,SlogP_VSA4_Lig,NumHDonors_Lig,,
,Kappa2_Cat,NumHDonors_Lig,,,,,SlogP_VSA4_Sol,NumHDonors_Sol,,
,Kappa2_Lig,NumHeteroatoms_Lig,,,,,SlogP_VSA4_Sub,NumHDonors_Sub,,
,Kappa2_Sol,NumRadicalElectrons_Lig,,,,,SlogP_VSA5_Cat,NumHeteroatoms_Cat,,
,Kappa2_Sub,NumRotatableBonds_Lig,,,,,SlogP_VSA5_Lig,NumHeteroatoms_Lig,,
,Kappa3_Cat,NumSaturatedCarbocycles_Lig,,,,,SlogP_VSA5_Sol,NumHeteroatoms_Sol,,
,Kappa3_Lig,NumSaturatedHeterocycles_Lig,,,,,SlogP_VSA5_Sub,NumHeteroatoms_Sub,,
,Kappa3_Sol,NumSaturatedRings_Lig,,,,,SlogP_VSA6_Cat,NumRadicalElectrons_Cat,,
,Kappa3_Sub,NumValenceElectrons_Lig,,,,,SlogP_VSA6_Lig,NumRadicalElectrons_Lig,,
,Ligand_quant_mmol,PEOE_VSA1_Lig,,,,,SlogP_VSA6_Sol,NumRadicalElectrons_Sol,,
,MaxAbsEStateIndex_Cat,PEOE_VSA10_Lig,,,,,SlogP_VSA6_Sub,NumRadicalElectrons_Sub,,
,MaxAbsEStateIndex_Lig,PEOE_VSA11_Lig,,,,,SlogP_VSA7_Cat,NumRotatableBonds_Cat,,
,MaxAbsEStateIndex_Sol,PEOE_VSA12_Lig,,,,,SlogP_VSA7_Lig,NumRotatableBonds_Lig,,
,MaxAbsEStateIndex_Sub,PEOE_VSA13_Lig,,,,,SlogP_VSA7_Sol,NumRotatableBonds_Sol,,
,MaxAbsPartialCharge_Cat,PEOE_VSA14_Lig,,,,,SlogP_VSA7_Sub,NumRotatableBonds_Sub,,
,MaxAbsPartialCharge_Lig,PEOE_VSA2_Lig,,,,,SlogP_VSA8_Cat,NumSaturatedCarbocycles_Cat,,
,MaxAbsPartialCharge_Sol,PEOE_VSA3_Lig,,,,,SlogP_VSA8_Lig,NumSaturatedCarbocycles_Lig,,
,MaxAbsPartialCharge_Sub,PEOE_VSA4_Lig,,,,,SlogP_VSA8_Sol,NumSaturatedCarbocycles_Sol,,
,MaxEStateIndex_Cat,PEOE_VSA5_Lig,,,,,SlogP_VSA8_Sub,NumSaturatedCarbocycles_Sub,,
,MaxEStateIndex_Lig,PEOE_VSA6_Lig,,,,,SlogP_VSA9_Cat,NumSaturatedHeterocycles_Cat,,
,MaxEStateIndex_Sol,PEOE_VSA7_Lig,,,,,SlogP_VSA9_Lig,NumSaturatedHeterocycles_Lig,,
,MaxEStateIndex_Sub,PEOE_VSA8_Lig,,,,,SlogP_VSA9_Sol,NumSaturatedHeterocycles_Sol,,
,MaxPartialCharge_Cat,PEOE_VSA9_Lig,,,,,SlogP_VSA9_Sub,NumSaturatedHeterocycles_Sub,,
,MaxPartialCharge_Lig,SlogP_VSA1_Lig,,,,,SMR_VSA1_Cat,NumSaturatedRings_Cat,,
,MaxPartialCharge_Sol,SlogP_VSA10_Lig,,,,,SMR_VSA1_Lig,NumSaturatedRings_Lig,,
,MaxPartialCharge_Sub,SlogP_VSA11_Lig,,,,,SMR_VSA1_Sol,NumSaturatedRings_Sol,,
,MinAbsEStateIndex_Cat,SlogP_VSA12_Lig,,,,,SMR_VSA1_Sub,NumSaturatedRings_Sub,,
,MinAbsEStateIndex_Lig,SlogP_VSA2_Lig,,,,,SMR_VSA10_Cat,NumValenceElectrons_Cat,,
,MinAbsEStateIndex_Sol,SlogP_VSA3_Lig,,,,,SMR_VSA10_Lig,NumValenceElectrons_Lig,,
,MinAbsEStateIndex_Sub,SlogP_VSA4_Lig,,,,,SMR_VSA10_Sol,NumValenceElectrons_Sol,,
,MinAbsPartialCharge_Cat,SlogP_VSA5_Lig,,,,,SMR_VSA10_Sub,NumValenceElectrons_Sub,,
,MinAbsPartialCharge_Lig,SlogP_VSA6_Lig,,,,,SMR_VSA2_Cat,Cat_Structure_VCl2(salen),,
,MinAbsPartialCharge_Sol,SlogP_VSA7_Lig,,,,,SMR_VSA2_Lig,Cat_Structure_VO(acac)2,,
,MinAbsPartialCharge_Sub,SlogP_VSA8_Lig,,,,,SMR_VSA2_Sol,Cat_Structure_VO(OiPr)3,,
,MinEStateIndex_Cat,SlogP_VSA9_Lig,,,,,SMR_VSA2_Sub,Cat_Structure_VO(salen),,
,MinEStateIndex_Lig,SMR_VSA1_Lig,,,,,SMR_VSA3_Cat,Cat_Structure_VOSO4,,
,MinEStateIndex_Sol,SMR_VSA10_Lig,,,,,SMR_VSA3_Lig,Cat_Group,,
,MinEStateIndex_Sub,SMR_VSA2_Lig,,,,,SMR_VSA3_Sol,Group,,
,MinPartialCharge_Cat,SMR_VSA3_Lig,,,,,SMR_VSA3_Sub,Ligand_Barlan_L1,,
,MinPartialCharge_Lig,SMR_VSA4_Lig,,,,,SMR_VSA4_Cat,Ligand_Barlan_L2,,
,MinPartialCharge_Sol,SMR_VSA5_Lig,,,,,SMR_VSA4_Lig,Ligand_Barlan_L3,,
,MinPartialCharge_Sub,SMR_VSA6_Lig,,,,,SMR_VSA4_Sol,Ligand_Barlan_L4,,
,MolLogP_Cat,SMR_VSA7_Lig,,,,,SMR_VSA4_Sub,Ligand_Barlan_L5,,
,MolLogP_Lig,SMR_VSA8_Lig,,,,,SMR_VSA5_Cat,Ligand_Barlan_L6,,
,MolLogP_Sol,SMR_VSA9_Lig,,,,,SMR_VSA5_Lig,Ligand_Bolm_L1,,
,MolLogP_Sub,TPSA_Lig,,,,,SMR_VSA5_Sol,Ligand_Bolm_L2,,
,MolMR_Cat,VSA_EState1_Lig,,,,,SMR_VSA5_Sub,Ligand_Bolm_L3,,
,MolMR_Lig,VSA_EState10_Lig,,,,,SMR_VSA6_Cat,Ligand_Bolm_L4,,
,MolMR_Sol,VSA_EState2_Lig,,,,,SMR_VSA6_Lig,Ligand_Bolm_L5,,
,MolMR_Sub,VSA_EState3_Lig,,,,,SMR_VSA6_Sol,Ligand_Bourhani_L1,,
,MolWt_Cat,VSA_EState4_Lig,,,,,SMR_VSA6_Sub,Ligand_Bourhani_L2,,
,MolWt_Lig,VSA_EState5_Lig,,,,,SMR_VSA7_Cat,Ligand_Bourhani_L3,,
,MolWt_Sol,VSA_EState6_Lig,,,,,SMR_VSA7_Lig,Ligand_Bryliakov_L1,,
,MolWt_Sub,VSA_EState7_Lig,,,,,SMR_VSA7_Sol,Ligand_Ghaffari_L1,,
,NHOHCount_Cat,VSA_EState8_Lig,,,,,SMR_VSA7_Sub,Ligand_Ghaffari_L2,,
,NHOHCount_Lig,VSA_EState9_Lig,,,,,SMR_VSA8_Cat,Ligand_Ghaffari_L3,,
,NHOHCount_Sol,,,,,,SMR_VSA8_Lig,Ligand_Ghaffari_L4,,
,NHOHCount_Sub,,,,,,SMR_VSA8_Sol,Ligand_Ghaffari_L5,,
,NOCount_Cat,,,,,,SMR_VSA8_Sub,Ligand_Ghaffari_L6,,
,NOCount_Lig,,,,,,SMR_VSA9_Cat,Ligand_Ghaffari_L7,,
,NOCount_Sol,,,,,,SMR_VSA9_Lig,Ligand_Han_L1,,
,NOCount_Sub,,,,,,SMR_VSA9_Sol,Ligand_Han_L2,,
,NumAliphaticCarbocycles_Cat,,,,,,SMR_VSA9_Sub,Ligand_Han_L3,,
,NumAliphaticCarbocycles_Lig,,,,,,VSA_EState1_Cat,Ligand_Han_L4,,
,NumAliphaticCarbocycles_Sol,,,,,,VSA_EState1_Lig,Ligand_Han_L5,,
,NumAliphaticCarbocycles_Sub,,,,,,VSA_EState1_Sol,Ligand_Makita_L1,,
,NumAliphaticHeterocycles_Cat,,,,,,VSA_EState1_Sub,Ligand_Makita_L10,,
,NumAliphaticHeterocycles_Lig,,,,,,VSA_EState10_Cat,Ligand_Makita_L11,,
,NumAliphaticHeterocycles_Sol,,,,,,VSA_EState10_Lig,Ligand_Makita_L12,,
,NumAliphaticHeterocycles_Sub,,,,,,VSA_EState10_Sol,Ligand_Makita_L13,,
,NumAliphaticRings_Cat,,,,,,VSA_EState10_Sub,Ligand_Makita_L14,,
,NumAliphaticRings_Lig,,,,,,VSA_EState2_Cat,Ligand_Makita_L15,,
,NumAliphaticRings_Sol,,,,,,VSA_EState2_Lig,Ligand_Makita_L16,,
,NumAliphaticRings_Sub,,,,,,VSA_EState2_Sol,Ligand_Makita_L17,,
,NumAromaticCarbocycles_Cat,,,,,,VSA_EState2_Sub,Ligand_Makita_L2,,
,NumAromaticCarbocycles_Lig,,,,,,VSA_EState3_Cat,Ligand_Makita_L3,,
,NumAromaticCarbocycles_Sol,,,,,,VSA_EState3_Lig,Ligand_Makita_L4,,
,NumAromaticCarbocycles_Sub,,,,,,VSA_EState3_Sol,Ligand_Makita_L5,,
,NumAromaticHeterocycles_Cat,,,,,,VSA_EState3_Sub,Ligand_Makita_L6,,
,NumAromaticHeterocycles_Lig,,,,,,VSA_EState4_Cat,Ligand_Makita_L7,,
,NumAromaticHeterocycles_Sol,,,,,,VSA_EState4_Lig,Ligand_Makita_L8,,
,NumAromaticHeterocycles_Sub,,,,,,VSA_EState4_Sol,Ligand_Makita_L9,,
,NumAromaticRings_Cat,,,,,,VSA_EState4_Sub,Ligand_Malkov_L1,,
,NumAromaticRings_Lig,,,,,,VSA_EState5_Cat,Ligand_Malkov_L2,,
,NumAromaticRings_Sol,,,,,,VSA_EState5_Lig,Ligand_Malkov_L3,,
,NumAromaticRings_Sub,,,,,,VSA_EState5_Sol,Ligand_Michaelson_L1,,
,NumHAcceptors_Cat,,,,,,VSA_EState5_Sub,Ligand_Michaelson_L2,,
,NumHAcceptors_Lig,,,,,,VSA_EState6_Cat,Ligand_Michaelson_L3,,
,NumHAcceptors_Sol,,,,,,VSA_EState6_Lig,Ligand_Monfared_L1,,
,NumHAcceptors_Sub,,,,,,VSA_EState6_Sol,Ligand_Murase_L1,,
,NumHDonors_Cat,,,,,,VSA_EState6_Sub,Ligand_Murase_L2,,
,NumHDonors_Lig,,,,,,VSA_EState7_Cat,Ligand_Murase_L3,,
,NumHDonors_Sol,,,,,,VSA_EState7_Lig,Ligand_Pereira_L10,,
,NumHDonors_Sub,,,,,,VSA_EState7_Sol,Ligand_Pereira_L11,,
,NumHeteroatoms_Cat,,,,,,VSA_EState7_Sub,Ligand_Pereira_L12,,
,NumHeteroatoms_Lig,,,,,,VSA_EState8_Cat,Ligand_Pereira_L13,,
,NumHeteroatoms_Sol,,,,,,VSA_EState8_Lig,Ligand_Pereira_L14,,
,NumHeteroatoms_Sub,,,,,,VSA_EState8_Sol,Ligand_Pereira_L15,,
,NumRadicalElectrons_Cat,,,,,,VSA_EState8_Sub,Ligand_Pereira_L2,,
,NumRadicalElectrons_Lig,,,,,,VSA_EState9_Cat,Ligand_Pereira_L3,,
,NumRadicalElectrons_Sol,,,,,,VSA_EState9_Lig,Ligand_Pereira_L4,,
,NumRadicalElectrons_Sub,,,,,,VSA_EState9_Sol,Ligand_Pereira_L5,,
,NumRotatableBonds_Cat,,,,,,VSA_EState9_Sub,Ligand_Pereira_L6,,
,NumRotatableBonds_Lig,,,,,,TPSA_Cat,Ligand_Pereira_L7,,
,NumRotatableBonds_Sol,,,,,,TPSA_Lig,Ligand_Pereira_L8,,
,NumRotatableBonds_Sub,,,,,,TPSA_Sol,Ligand_Pereira_L9,,
,NumSaturatedCarbocycles_Cat,,,,,,TPSA_Sub,Ligand_Zhang_B_L1,,
,NumSaturatedCarbocycles_Lig,,,,,,,Ligand_Zhang_B_L2,,
,NumSaturatedCarbocycles_Sol,,,,,,,Ligand_Zhang_B_L3,,
,NumSaturatedCarbocycles_Sub,,,,,,,Ligand_Zhang_L1,,
,NumSaturatedHeterocycles_Cat,,,,,,,Ligand_Zhang_L2,,
,NumSaturatedHeterocycles_Lig,,,,,,,Ligand_Zhang_L3,,
,NumSaturatedHeterocycles_Sol,,,,,,,Oxidant_CHP,,
,NumSaturatedHeterocycles_Sub,,,,,,,Oxidant_Group,,
,NumSaturatedRings_Cat,,,,,,,Oxidant_H2O2,,
,NumSaturatedRings_Lig,,,,,,,Oxidant_MCYHP,,
,NumSaturatedRings_Sol,,,,,,,Oxidant_TBHP,,
,NumSaturatedRings_Sub,,,,,,,Oxidant_TrOOH,,
,NumValenceElectrons_Cat,,,,,,,Solvent_acetone,,
,NumValenceElectrons_Lig,,,,,,,Solvent_ACN,,
,NumValenceElectrons_Sol,,,,,,,Solvent_chloroform,,
,NumValenceElectrons_Sub,,,,,,,Solvent_dichloromethane,,
,Oxidant_CHP,,,,,,,Solvent_ethyl_acetate,,
,Oxidant_Group,,,,,,,Solvent_Group,,
,Oxidant_H2O2,,,,,,,Solvent_THF,,
,Oxidant_MCYHP,,,,,,,Solvent_toluene,,
,Oxidant_quant_mmol,,,,,,,Solvent_water,,
,Oxidant_TBHP,,,,,,,,,
,Oxidant_TrOOH,,,,,,,,,
,PEOE_VSA1_Cat,,,,,,,,,
,PEOE_VSA1_Lig,,,,,,,,,
,PEOE_VSA1_Sol,,,,,,,,,
,PEOE_VSA1_Sub,,,,,,,,,
,PEOE_VSA10_Cat,,,,,,,,,
,PEOE_VSA10_Lig,,,,,,,,,
,PEOE_VSA10_Sol,,,,,,,,,
,PEOE_VSA10_Sub,,,,,,,,,
,PEOE_VSA11_Cat,,,,,,,,,
,PEOE_VSA11_Lig,,,,,,,,,
,PEOE_VSA11_Sol,,,,,,,,,
,PEOE_VSA11_Sub,,,,,,,,,
,PEOE_VSA12_Cat,,,,,,,,,
,PEOE_VSA12_Lig,,,,,,,,,
,PEOE_VSA12_Sol,,,,,,,,,
,PEOE_VSA12_Sub,,,,,,,,,
,PEOE_VSA13_Cat,,,,,,,,,
,PEOE_VSA13_Lig,,,,,,,,,
,PEOE_VSA13_Sol,,,,,,,,,
,PEOE_VSA13_Sub,,,,,,,,,
,PEOE_VSA14_Cat,,,,,,,,,
,PEOE_VSA14_Lig,,,,,,,,,
,PEOE_VSA14_Sol,,,,,,,,,
,PEOE_VSA14_Sub,,,,,,,,,
,PEOE_VSA2_Cat,,,,,,,,,
,PEOE_VSA2_Lig,,,,,,,,,
,PEOE_VSA2_Sol,,,,,,,,,
,PEOE_VSA2_Sub,,,,,,,,,
,PEOE_VSA3_Cat,,,,,,,,,
,PEOE_VSA3_Lig,,,,,,,,,
,PEOE_VSA3_Sol,,,,,,,,,
,PEOE_VSA3_Sub,,,,,,,,,
,PEOE_VSA4_Cat,,,,,,,,,
,PEOE_VSA4_Lig,,,,,,,,,
,PEOE_VSA4_Sol,,,,,,,,,
,PEOE_VSA4_Sub,,,,,,,,,
,PEOE_VSA5_Cat,,,,,,,,,
,PEOE_VSA5_Lig,,,,,,,,,
,PEOE_VSA5_Sol,,,,,,,,,
,PEOE_VSA5_Sub,,,,,,,,,
,PEOE_VSA6_Cat,,,,,,,,,
,PEOE_VSA6_Lig,,,,,,,,,
,PEOE_VSA6_Sol,,,,,,,,,
,PEOE_VSA6_Sub,,,,,,,,,
,PEOE_VSA7_Cat,,,,,,,,,
,PEOE_VSA7_Lig,,,,,,,,,
,PEOE_VSA7_Sol,,,,,,,,,
,PEOE_VSA7_Sub,,,,,,,,,
,PEOE_VSA8_Cat,,,,,,,,,
,PEOE_VSA8_Lig,,,,,,,,,
,PEOE_VSA8_Sol,,,,,,,,,
,PEOE_VSA8_Sub,,,,,,,,,
,PEOE_VSA9_Cat,,,,,,,,,
,PEOE_VSA9_Lig,,,,,,,,,
,PEOE_VSA9_Sol,,,,,,,,,
,PEOE_VSA9_Sub,,,,,,,,,
,SlogP_VSA1_Cat,,,,,,,,,
,SlogP_VSA1_Lig,,,,,,,,,
,SlogP_VSA1_Sol,,,,,,,,,
,SlogP_VSA1_Sub,,,,,,,,,
,SlogP_VSA10_Cat,,,,,,,,,
,SlogP_VSA10_Lig,,,,,,,,,
,SlogP_VSA10_Sol,,,,,,,,,
,SlogP_VSA10_Sub,,,,,,,,,
,SlogP_VSA11_Cat,,,,,,,,,
,SlogP_VSA11_Lig,,,,,,,,,
,SlogP_VSA11_Sol,,,,,,,,,
,SlogP_VSA11_Sub,,,,,,,,,
,SlogP_VSA12_Cat,,,,,,,,,
,SlogP_VSA12_Lig,,,,,,,,,
,SlogP_VSA12_Sol,,,,,,,,,
,SlogP_VSA12_Sub,,,,,,,,,
,SlogP_VSA2_Cat,,,,,,,,,
,SlogP_VSA2_Lig,,,,,,,,,
,SlogP_VSA2_Sol,,,,,,,,,
,SlogP_VSA2_Sub,,,,,,,,,
,SlogP_VSA3_Cat,,,,,,,,,
,SlogP_VSA3_Lig,,,,,,,,,
,SlogP_VSA3_Sol,,,,,,,,,
,SlogP_VSA3_Sub,,,,,,,,,
,SlogP_VSA4_Cat,,,,,,,,,
,SlogP_VSA4_Lig,,,,,,,,,
,SlogP_VSA4_Sol,,,,,,,,,
,SlogP_VSA4_Sub,,,,,,,,,
,SlogP_VSA5_Cat,,,,,,,,,
,SlogP_VSA5_Lig,,,,,,,,,
,SlogP_VSA5_Sol,,,,,,,,,
,SlogP_VSA5_Sub,,,,,,,,,
,SlogP_VSA6_Cat,,,,,,,,,
,SlogP_VSA6_Lig,,,,,,,,,
,SlogP_VSA6_Sol,,,,,,,,,
,SlogP_VSA6_Sub,,,,,,,,,
,SlogP_VSA7_Cat,,,,,,,,,
,SlogP_VSA7_Lig,,,,,,,,,
,SlogP_VSA7_Sol,,,,,,,,,
,SlogP_VSA7_Sub,,,,,,,,,
,SlogP_VSA8_Cat,,,,,,,,,
,SlogP_VSA8_Lig,,,,,,,,,
,SlogP_VSA8_Sol,,,,,,,,,
,SlogP_VSA8_Sub,,,,,,,,,
,SlogP_VSA9_Cat,,,,,,,,,
,SlogP_VSA9_Lig,,,,,,,,,
,SlogP_VSA9_Sol,,,,,,,,,
,SlogP_VSA9_Sub,,,,,,,,,
,SMR_VSA1_Cat,,,,,,,,,
,SMR_VSA1_Lig,,,,,,,,,
,SMR_VSA1_Sol,,,,,,,,,
,SMR_VSA1_Sub,,,,,,,,,
,SMR_VSA10_Cat,,,,,,,,,
,SMR_VSA10_Lig,,,,,,,,,
,SMR_VSA10_Sol,,,,,,,,,
,SMR_VSA10_Sub,,,,,,,,,
,SMR_VSA2_Cat,,,,,,,,,
,SMR_VSA2_Lig,,,,,,,,,
,SMR_VSA2_Sol,,,,,,,,,
,SMR_VSA2_Sub,,,,,,,,,
,SMR_VSA3_Cat,,,,,,,,,
,SMR_VSA3_Lig,,,,,,,,,
,SMR_VSA3_Sol,,,,,,,,,
,SMR_VSA3_Sub,,,,,,,,,
,SMR_VSA4_Cat,,,,,,,,,
,SMR_VSA4_Lig,,,,,,,,,
,SMR_VSA4_Sol,,,,,,,,,
,SMR_VSA4_Sub,,,,,,,,,
,SMR_VSA5_Cat,,,,,,,,,
,SMR_VSA5_Lig,,,,,,,,,
,SMR_VSA5_Sol,,,,,,,,,
,SMR_VSA5_Sub,,,,,,,,,
,SMR_VSA6_Cat,,,,,,,,,
,SMR_VSA6_Lig,,,,,,,,,
,SMR_VSA6_Sol,,,,,,,,,
,SMR_VSA6_Sub,,,,,,,,,
,SMR_VSA7_Cat,,,,,,,,,
,SMR_VSA7_Lig,,,,,,,,,
,SMR_VSA7_Sol,,,,,,,,,
,SMR_VSA7_Sub,,,,,,,,,
,SMR_VSA8_Cat,,,,,,,,,
,SMR_VSA8_Lig,,,,,,,,,
,SMR_VSA8_Sol,,,,,,,,,
,SMR_VSA8_Sub,,,,,,,,,
,SMR_VSA9_Cat,,,,,,,,,
,SMR_VSA9_Lig,,,,,,,,,
,SMR_VSA9_Sol,,,,,,,,,
,SMR_VSA9_Sub,,,,,,,,,
,Solution_vol_mL,,,,,,,,,
,Solv_aromcity,,,,,,,,,
,Solv_diele_cst,,,,,,,,,
,Solv_elect_halo,,,,,,,,,
,Solv_Hbond_ac,,,,,,,,,
,Solv_Hbond_bs,,,,,,,,,
,Solv_opt_freq20,,,,,,,,,
,Solv_opt_freq25,,,,,,,,,
,Solv_surf_tens,,,,,,,,,
,Solvent_acetone,,,,,,,,,
,Solvent_ACN,,,,,,,,,
,Solvent_chloroform,,,,,,,,,
,Solvent_dichloromethane,,,,,,,,,
,Solvent_ethyl_acetate,,,,,,,,,
,Solvent_Group,,,,,,,,,
,Solvent_THF,,,,,,,,,
,Solvent_toluene,,,,,,,,,
,Solvent_water,,,,,,,,,
,Substrate_quant_mmol,,,,,,,,,
,Temp_K,,,,,,,,,
,Time_h,,,,,,,,,
,TPSA_Cat,,,,,,,,,
,TPSA_Lig,,,,,,,,,
,TPSA_Sol,,,,,,,,,
,TPSA_Sub,,,,,,,,,
,VSA_EState1_Cat,,,,,,,,,
,VSA_EState1_Lig,,,,,,,,,
,VSA_EState1_Sol,,,,,,,,,
,VSA_EState1_Sub,,,,,,,,,
,VSA_EState10_Cat,,,,,,,,,
,VSA_EState10_Lig,,,,,,,,,
,VSA_EState10_Sol,,,,,,,,,
,VSA_EState10_Sub,,,,,,,,,
,VSA_EState2_Cat,,,,,,,,,
,VSA_EState2_Lig,,,,,,,,,
,VSA_EState2_Sol,,,,,,,,,
,VSA_EState2_Sub,,,,,,,,,
,VSA_EState3_Cat,,,,,,,,,
,VSA_EState3_Lig,,,,,,,,,
,VSA_EState3_Sol,,,,,,,,,
,VSA_EState3_Sub,,,,,,,,,
,VSA_EState4_Cat,,,,,,,,,
,VSA_EState4_Lig,,,,,,,,,
,VSA_EState4_Sol,,,,,,,,,
,VSA_EState4_Sub,,,,,,,,,
,VSA_EState5_Cat,,,,,,,,,
,VSA_EState5_Lig,,,,,,,,,
,VSA_EState5_Sol,,,,,,,,,
,VSA_EState5_Sub,,,,,,,,,
,VSA_EState6_Cat,,,,,,,,,
,VSA_EState6_Lig,,,,,,,,,
,VSA_EState6_Sol,,,,,,,,,
,VSA_EState6_Sub,,,,,,,,,
,VSA_EState7_Cat,,,,,,,,,
,VSA_EState7_Lig,,,,,,,,,
,VSA_EState7_Sol,,,,,,,,,
,VSA_EState7_Sub,,,,,,,,,
,VSA_EState8_Cat,,,,,,,,,
,VSA_EState8_Lig,,,,,,,,,
,VSA_EState8_Sol,,,,,,,,,
,VSA_EState8_Sub,,,,,,,,,
,VSA_EState9_Cat,,,,,,,,,
,VSA_EState9_Lig,,,,,,,,,
,VSA_EState9_Sol,,,,,,,,,
,VSA_EState9_Sub,,,,,,,,,
,Ligand_Barlan_L1,,,,,,,,,
,Ligand_Barlan_L2,,,,,,,,,
,Ligand_Barlan_L3,,,,,,,,,
,Ligand_Barlan_L4,,,,,,,,,
,Ligand_Barlan_L5,,,,,,,,,
,Ligand_Barlan_L6,,,,,,,,,
,Ligand_Bolm_L1,,,,,,,,,
,Ligand_Bolm_L2,,,,,,,,,
,Ligand_Bolm_L3,,,,,,,,,
,Ligand_Bolm_L4,,,,,,,,,
,Ligand_Bolm_L5,,,,,,,,,
,Ligand_Bourhani_L1,,,,,,,,,
,Ligand_Bourhani_L2,,,,,,,,,
,Ligand_Bourhani_L3,,,,,,,,,
,Ligand_Bryliakov_L1,,,,,,,,,
,Ligand_Ghaffari_L1,,,,,,,,,
,Ligand_Ghaffari_L2,,,,,,,,,
,Ligand_Ghaffari_L3,,,,,,,,,
,Ligand_Ghaffari_L4,,,,,,,,,
,Ligand_Ghaffari_L5,,,,,,,,,
,Ligand_Ghaffari_L6,,,,,,,,,
,Ligand_Ghaffari_L7,,,,,,,,,
,Ligand_Han_L1,,,,,,,,,
,Ligand_Han_L2,,,,,,,,,
,Ligand_Han_L3,,,,,,,,,
,Ligand_Han_L4,,,,,,,,,
,Ligand_Han_L5,,,,,,,,,
,Ligand_Makita_L1,,,,,,,,,
,Ligand_Makita_L10,,,,,,,,,
,Ligand_Makita_L11,,,,,,,,,
,Ligand_Makita_L12,,,,,,,,,
,Ligand_Makita_L13,,,,,,,,,
,Ligand_Makita_L14,,,,,,,,,
,Ligand_Makita_L15,,,,,,,,,
,Ligand_Makita_L16,,,,,,,,,
,Ligand_Makita_L17,,,,,,,,,
,Ligand_Makita_L2,,,,,,,,,
,Ligand_Makita_L3,,,,,,,,,
,Ligand_Makita_L4,,,,,,,,,
,Ligand_Makita_L5,,,,,,,,,
,Ligand_Makita_L6,,,,,,,,,
,Ligand_Makita_L7,,,,,,,,,
,Ligand_Makita_L8,,,,,,,,,
,Ligand_Makita_L9,,,,,,,,,
,Ligand_Malkov_L1,,,,,,,,,
,Ligand_Malkov_L2,,,,,,,,,
,Ligand_Malkov_L3,,,,,,,,,
,Ligand_Michaelson_L1,,,,,,,,,
,Ligand_Michaelson_L2,,,,,,,,,
,Ligand_Michaelson_L3,,,,,,,,,
,Ligand_Monfared_L1,,,,,,,,,
,Ligand_Murase_L1,,,,,,,,,
,Ligand_Murase_L2,,,,,,,,,
,Ligand_Murase_L3,,,,,,,,,
,Ligand_Pereira_L10,,,,,,,,,
,Ligand_Pereira_L11,,,,,,,,,
,Ligand_Pereira_L12,,,,,,,,,
,Ligand_Pereira_L13,,,,,,,,,
,Ligand_Pereira_L14,,,,,,,,,
,Ligand_Pereira_L15,,,,,,,,,
,Ligand_Pereira_L2,,,,,,,,,
,Ligand_Pereira_L3,,,,,,,,,
,Ligand_Pereira_L4,,,,,,,,,
,Ligand_Pereira_L5,,,,,,,,,
,Ligand_Pereira_L6,,,,,,,,,
,Ligand_Pereira_L7,,,,,,,,,
,Ligand_Pereira_L8,,,,,,,,,
,Ligand_Pereira_L9,,,,,,,,,
,Ligand_Zhang_B_L1,,,,,,,,,
,Ligand_Zhang_B_L2,,,,,,,,,
,Ligand_Zhang_B_L3,,,,,,,,,
,Ligand_Zhang_L1,,,,,,,,,
,Ligand_Zhang_L2,,,,,,,,,
,Ligand_Zhang_L3,,,,,,,,,